metric,scratch,finetune
Recon CE ↓,2.362719134931871,2.1213615069734773
Posterior KL ↓,3.7481038760925246e-07,1.9056615181339598
Length loss ↓,2.7096203356380335,1.2830480119109393
Token accuracy ↑,0.27217138741491786,0.36515467078207625
Exact match ↑,0.0,0.0
Length MAE ↓,3.1844660194174756,2.250186706497386
Length JS ↓,0.6048980977228716,0.11827216347578368
AA comp. L1 ↓,0.05916313151919882,0.05961352280037832
Motif L1 ↓,0.4626587005227782,0.38312173263629573
Uniqueness ↑,1.0,1.0
